Kibo|Greer|+91 4871857529|nascetur@pedeblanditcongue.ca|Blevio|474-8232 Interdum Street
Sasha|Parker|+91 8401976559|vitae@ultrices.edu|Auburn|P.O. Box 473, 3408 Nascetur Road
Marshall|Stark|+91 2852706992|Ut.sagittis@acnulla.co.uk|Whitewater Region Township|Ap #830-1916 Vel, Avenue
Avram|Hale|+91 7520098442|aliquet@auctor.com|San Giovanni in Galdo|Ap #180-2435 Fusce Av.
Tara|Pruitt|+91 2486998654|risus.odio.auctor@rhoncusProinnisl.co.uk|Arnhem|326-1704 Phasellus Ave
Kai|Quinn|+91 2657107043|erat.vitae.risus@lacinia.net|Holywell|6859 Justo Ave
Shafira|Justice|+91 4669188192|massa.lobortis.ultrices@quisarcuvel.net|Eisenh�ttenstadt|Ap #562-846 Neque Street
Maryam|Schmidt|+91 9104498931|mollis.Duis.sit@auctornon.com|Forchies-la-Marche|685-2187 Lacus, Ave
Laura|Franklin|+91 9147731098|pede@tempuslorem.net|St. Albans|8656 Dictum Rd.
Heidi|Cherry|+91 1782820961|sit@consequat.com|Bergen op Zoom|P.O. Box 233, 182 Suspendisse Rd.
Cathleen|Santana|+91 6889130543|parturient.montes.nascetur@atortorNunc.com|San Rafael|1537 Consectetuer, Rd.
Orlando|Navarro|+91 3094761683|velit@maurisa.edu|Sevilla|Ap #654-2235 Nunc. Rd.
Lana|Ellis|+91 9933288987|pharetra.Quisque.ac@venenatisamagna.net|Fusignano|P.O. Box 673, 7641 Tincidunt, St.
Merritt|Best|+91 2028166678|cursus.et@Inornaresagittis.edu|Hazaribag|Ap #360-2107 Montes, Av.
Aurora|Davidson|+91 1647903137|eros@mollis.org|Susegana|P.O. Box 196, 6489 Egestas St.
Paloma|Snyder|+91 1219384393|congue.turpis.In@Donecluctusaliquet.net|G�rouville|Ap #332-7237 Sed Rd.
Patience|Kerr|+91 3216360087|Donec.sollicitudin.adipiscing@adipiscing.net|Sheikhupura|5717 Pellentesque Street
Daria|Spears|+91 2711300014|est@adipiscingfringilla.co.uk|Pathankot|Ap #618-3087 Lobortis St.
Gary|Kirk|+91 6029085102|at.libero@aliquameu.org|Sint-Lambrechts-Herk|P.O. Box 291, 2705 Mauris, Road
Ina|Lowery|+91 4502388907|sagittis.Duis.gravida@vestibulum.org|Edinburgh|502 Sed St.
Katell|Robertson|+91 5104025754|purus.in.molestie@mollisduiin.com|Cortil-Noirmont|481-7469 Eleifend Ave
Martin|Holt|+91 5690271583|iaculis.enim@ornarelibero.org|Waarloos|5301 Sociis St.
Roanna|Marquez|+91 3672921598|nibh.lacinia.orci@MorbivehiculaPellentesque.ca|Gosnells|374-8439 Montes, Ave
Benedict|Larson|+91 3710471619|orci@Fusce.edu|Delmenhorst|649-2937 Tortor. Rd.
Joy|Davis|+91 1175076593|mi.pede.nonummy@tinciduntadipiscingMauris.ca|Neuwied|Ap #700-9833 Suspendisse St.
Ariel|Smith|+91 5968997081|mus.Proin.vel@nulla.edu|Perth|Ap #355-5611 Penatibus Road
Bethany|Mckinney|+91 4848755473|blandit@idantedictum.edu|Cimitile|Ap #861-1590 Ut St.
Farrah|Daniel|+91 1498272377|ac.facilisis.facilisis@porttitorinterdumSed.ca|Cincinnati|4450 Aenean Rd.
Minerva|Ellis|+91 2956576632|Mauris.vestibulum@acfacilisisfacilisis.co.uk|Miraj|6436 Integer Ave
Nicholas|Benson|+91 8539265537|tincidunt@et.org|Bendigo|4986 Dictum St.
Cole|Newman|+91 1258083532|convallis.ante.lectus@Maecenasmalesuada.net|Uppingham. Cottesmore|2895 Dui Street
Lunea|Kelley|+91 1940620299|libero.nec.ligula@ametdapibus.ca|Yeovil|P.O. Box 819, 2616 Magna. Rd.
Haley|Hill|+91 0252709573|posuere.at.velit@convallis.co.uk|Houston|1667 Mi Ave
Phelan|Crosby|+91 8537576604|vel.est.tempor@massa.com|Lummen|P.O. Box 522, 562 Duis Av.
Lionel|Olson|+91 2001736137|tincidunt.orci@vel.net|Sittard|Ap #803-266 Dui. Rd.
Abraham|Mcdonald|+91 0000750621|felis@etmagnis.org|Capannori|649-9079 Quis Av.
Christian|Barrett|+91 8625287097|nulla@ategestas.com|Heist-aan-Zee|9159 Lobortis Road
Kylynn|Rodriquez|+91 5338200019|magna.Cras.convallis@mienimcondimentum.ca|Montese|P.O. Box 590, 2253 Turpis Ave
Tanisha|Slater|+91 8115218265|Nullam.lobortis@ante.com|Harrisburg|549-8589 Aliquet. Ave
Zorita|Leonard|+91 0806775868|Suspendisse@tincidunttempusrisus.org|Perchtoldsdorf|8447 Ipsum Rd.
Iris|Mcbride|+91 9931563465|ultricies.ornare@acfacilisisfacilisis.co.uk|Argyle|970-8888 Aliquet Rd.
Hall|Sanders|+91 3980995125|quam@eusemPellentesque.edu|Marneffe|1244 Quis, Avenue
Amena|Lara|+91 5664024893|nec.malesuada.ut@necleoMorbi.co.uk|Bettiah|P.O. Box 945, 9078 In, Road
Cora|Marsh|+91 8156443701|Donec.feugiat@sollicitudin.org|Pozantı|802-5661 Ornare St.
Harrison|Vargas|+91 5078804364|lorem@maurisaliquameu.co.uk|Sylvan Lake|Ap #437-7831 Ac Rd.
Shelly|Knapp|+91 5662155415|tincidunt@tinciduntnunc.edu|Jabbeke|P.O. Box 903, 9608 Elit Rd.
Breanna|Wyatt|+91 1228611774|dapibus@pretium.edu|Los Angeles|Ap #344-8615 Commodo Avenue
Kendall|Battle|+91 8974772898|Aenean.massa@convallisantelectus.org|Werbomont|351-6914 Semper St.
Iola|Hawkins|+91 6197474432|ipsum@tristiquesenectus.edu|Tubeke Tubize|P.O. Box 210, 7957 Ut Avenue
Thor|Hooper|+91 1276984723|cursus.vestibulum@risusDonecegestas.org|Spormaggiore|Ap #709-1619 Magnis St.
Allegra|Prince|+91 1889163405|orci.Phasellus@vulputate.net|Voitsberg|568-2177 Integer Avenue
Brenna|Patel|+91 5630085726|rutrum@aliquet.org|Göksun|726-3835 Vestibulum St.
George|Mathis|+91 7836697694|lacus@lectussitamet.co.uk|Ried im Innkreis|8364 Nonummy Rd.
Karly|Sears|+91 2039710532|elit.pellentesque@ligulatortordictum.com|Alness|P.O. Box 473, 3386 Et Road
Sean|Mcmillan|+91 0688526197|mi@etrutrum.co.uk|Jemeppe-sur-Meuse|Ap #158-4751 Donec St.
Eaton|Curtis|+91 6661994363|malesuada.fames.ac@nostra.com|Anchorage|Ap #919-6197 Ut Ave
Steel|Hampton|+91 7806223907|Morbi@sagittis.com|Baie-Saint-Paul|P.O. Box 738, 8992 Eu Street
Nolan|Dillard|+91 8665032227|nibh@egestasrhoncusProin.com|Lebbeke|P.O. Box 174, 3360 Mattis. Rd.
Lee|Lawson|+91 0203242516|accumsan.convallis@atlacusQuisque.edu|Sittard|2193 Augue Ave
Lester|Tyson|+91 0511029830|diam.eu@dolorsit.com|Cincinnati|205-5488 Ligula. St.
Cooper|Aguirre|+91 7069140165|lectus.sit@egestashendrerit.edu|Sunderland|P.O. Box 112, 3267 Risus. Street
Silas|Frye|+91 2369519302|parturient.montes.nascetur@at.org|Smetlede|527-4133 Eu, Avenue
Joel|Mitchell|+91 3989796669|nisi.sem@aultriciesadipiscing.co.uk|Hassan|P.O. Box 500, 6358 Donec Avenue
Ava|Mullins|+91 9669426967|tincidunt.Donec@risusDuisa.net|Saint-Hilarion|1788 Quam. Rd.
Ella|Macias|+91 1834550639|massa.Suspendisse.eleifend@etrutrumnon.net|Jalna|687-4269 Risus. Avenue
Alea|Wilkinson|+91 8245347288|magna@velit.com|Lalbahadur Nagar|Ap #447-4396 Ut Rd.
Deanna|Wiggins|+91 8931205472|nisi.Mauris.nulla@lectus.org|Cinco Esquinas|Ap #479-6081 Tempor, Ave
Amity|Sellers|+91 6670272149|vel.faucibus@nuncsedpede.org|La Magdeleine|983-4921 Donec Ave
Tashya|Vang|+91 7049329077|libero@elitelitfermentum.com|Rotem|3364 Integer Road
Jayme|Mayo|+91 8358671827|ornare@elit.co.uk|High Level|Ap #279-6189 A, Av.
Allistair|Alvarez|+91 2619478680|vulputate.mauris@congueInscelerisque.ca|Camrose|9057 Non Av.
Aladdin|Burgess|+91 1299760500|Aliquam@eget.ca|Cuglieri|167-8495 Aliquet St.
Calista|Kidd|+91 4385386326|urna.Nunc@turpisIncondimentum.ca|Cambridge Bay|820-3070 Lacus. Road
Madonna|Estrada|+91 6514483149|Nunc@idmagnaet.co.uk|Maranello|P.O. Box 229, 1373 Nullam Av.
Hayes|Bartlett|+91 7086390751|sed.orci.lobortis@vitae.com|Breton|P.O. Box 679, 7191 Id Rd.
Vivien|Britt|+91 5367577048|adipiscing@consectetueradipiscingelit.co.uk|Wandre|7454 Sed Rd.
Constance|Spears|+91 4338231114|lorem@ultrices.edu|H?rouxville|214-2220 Nunc St.
Jaquelyn|Booth|+91 5733570099|sapien.gravida@nullaIntegervulputate.com|Knoxville|494-7976 Leo, Ave
Robin|Mcmahon|+91 5093869888|sociis@arcuCurabitur.co.uk|Baarle-Hertog|P.O. Box 872, 8205 Dapibus Rd.
Zorita|Mayo|+91 6188196505|dignissim.pharetra.Nam@felis.org|Minna|8463 Penatibus St.
Eve|Garrett|+91 8691563125|ornare@tortornibhsit.org|Diepenbeek|Ap #487-6730 Phasellus Av.
Bianca|Vang|+91 4083692552|erat.volutpat@Donec.org|Oppido Mamertina|894-4892 Sem Av.
Plato|Davenport|+91 0553164839|Lorem.ipsum.dolor@Duisdignissim.edu|Castel di Tora|4982 Est St.
Hector|Delacruz|+91 7622577623|semper@montesnascetur.org|Wolfsberg|5382 Quam. Ave
Reuben|Morgan|+91 7325821161|sagittis.placerat@velitPellentesque.edu|Pamel|9938 Aliquam Avenue
Tamara|Woodard|+91 1828150358|vulputate.posuere.vulputate@conguea.ca|Bama|221-3842 Lobortis Street
Xandra|Cross|+91 1116748878|Phasellus.nulla@ac.edu|Oria|4622 Tellus. Rd.
Serena|Sims|+91 9329445097|ultricies.sem@Etiamgravidamolestie.ca|Hubli|1757 Pellentesque Street
Kiara|Nielsen|+91 6999899543|sit.amet.ultricies@variusorci.edu|Uikhoven|P.O. Box 976, 8568 Vivamus St.
Alice|Wilkins|+91 6542236968|non.luctus.sit@tempuslorem.net|Devon|1737 Massa Rd.
Hector|Dillon|+91 9765130985|suscipit.nonummy@ipsum.edu|Oberursel|P.O. Box 117, 5031 Dolor. Avenue
Xenos|Rose|+91 5238468415|feugiat@vehicula.com|Lissewege|P.O. Box 164, 595 Aenean St.
Keely|Randall|+91 2053252060|egestas.a@sitametlorem.edu|Rudiano|Ap #656-7278 Eu Rd.
Gabriel|Lloyd|+91 5424708421|mauris@elementumat.edu|Igboho|124-208 Diam St.
Rana|Richards|+91 5216351900|vitae@ullamcorpermagna.com|Township of Minden Hills|Ap #992-1472 Risus. Street
Sophia|Wood|+91 3479929534|Sed.neque.Sed@velitQuisque.com|Santarém|9275 Felis. Avenue
Ava|Barber|+91 3476221307|diam@vestibulummassarutrum.net|Allein|225 Lacinia Rd.
Tucker|Fleming|+91 4396814497|Duis@pharetrasedhendrerit.org|Haridwar|610-6304 Auctor Rd.
Jordan|Alvarado|+91 4229302933|sociis.natoque@Aeneangravida.ca|Sittard|8576 Maecenas Street
Berk|Harmon|+91 4334565493|Curabitur@semeget.net|Broxburn|Ap #736-4302 Interdum. St.
Adam|Bradshaw|+91 2928869380|feugiat@eleifend.co.uk|Whitehaven|576-5233 Mi St.
Grant|Foley|+91 1092845942|vitae@tinciduntvehicula.ca|Penzance|743-5348 A Av.
Joel|Mcneil|+91 4629695262|pellentesque.tellus.sem@ametconsectetueradipiscing.org|Corswarem|827-779 Orci Avenue
Kelsey|Norton|+91 9707724123|ut.mi.Duis@augueporttitorinterdum.edu|Agartala|520-7274 Molestie Av.
Abel|Wise|+91 1098232783|mi.fringilla.mi@a.net|Rothesay|P.O. Box 749, 9034 Duis St.
Flavia|Simpson|+91 3526819270|imperdiet.erat.nonummy@auctor.net|Goutroux|P.O. Box 529, 3653 Non, St.
Bertha|Fitzgerald|+91 8986239887|ac.sem@Donectincidunt.com|Sant'Egidio del Monte Albino|987-7053 Diam. Street
Ria|Craig|+91 3290084869|in.aliquet@rutrummagna.net|Eindhout|P.O. Box 896, 7074 Malesuada St.
Tanya|Randolph|+91 3552221083|Etiam.laoreet@vehiculaPellentesque.ca|Slijpe|P.O. Box 863, 2884 Aliquam Ave
Deborah|Hatfield|+91 4613372931|id.ante.dictum@Pellentesque.edu|Pfungstadt|464-8658 Nec Road
Brendan|Rodgers|+91 5431859626|nulla.ante@arcuSedeu.net|Sint-Pieters-Kapelle|P.O. Box 223, 6744 Parturient Avenue
Rana|Sloan|+91 1889869172|Donec@Duisac.org|Armungia|3608 Donec St.
Orli|Mueller|+91 8238770159|nisi@euneque.com|Nelson|Ap #730-9705 Metus. Street
Ruby|Jacobs|+91 5358425478|mi.eleifend.egestas@tristiquenequevenenatis.ca|Slijpe|P.O. Box 783, 4843 Tristique Av.
Porter|Ramsey|+91 6046148503|sagittis@Fuscemilorem.ca|Kavaratti|8599 Tortor Av.
Caesar|Olson|+91 5722298007|at.nisi.Cum@lectuspede.co.uk|Columbus|P.O. Box 236, 9912 Ipsum Road
Nevada|Estrada|+91 4175973892|nec.quam@vulputate.co.uk|Eluru|800 Erat, Ave
Kennedy|Dorsey|+91 4930810092|non.nisi@eutellus.net|Campofelice di Fitalia|Ap #319-2458 Nisl. Street
Zena|Schmidt|+91 9969875001|pretium.et@Proinvelarcu.ca|Buguma|5346 Donec Road
Selma|Cantrell|+91 3710049799|aliquet.diam@etmagnisdis.edu|Bad Homburg v. d. H�he|Ap #380-8353 Et, St.
August|Cote|+91 6385366618|tincidunt.nunc.ac@utlacusNulla.com|Shillong|5177 Integer Street
Anne|Duke|+91 8439363637|non.luctus@aliquet.com|Kerkhove|382-1074 Non, St.
September|Powell|+91 6872393181|orci@cubilia.co.uk|Termeno sulla strada del vino/Tramin an der Weinstrasse|Ap #422-460 Aliquam St.
Moses|Carr|+91 4840386717|sagittis@volutpatNulla.ca|Aix-en-Provence|8856 Fames Road
Kadeem|Brown|+91 3248525280|Duis.volutpat@sociis.edu|Wattrelos|Ap #829-5289 Elit. St.
Kieran|Combs|+91 0013814427|ut.dolor.dapibus@vitaesemper.co.uk|San Antonio|P.O. Box 808, 9349 Mauris. St.
Ebony|Ball|+91 7605620948|Curabitur@luctuslobortisClass.net|Mosciano Sant'Angelo|637-8137 Libero. Rd.
Tanek|Walton|+91 2784549827|nec.urna.et@euismodmauris.net|Moignelee|814-696 Est Avenue
Urielle|Petty|+91 9063463889|lobortis.mauris@porttitorerosnec.com|Duisburg|P.O. Box 887, 2975 Sed St.
Nissim|Tillman|+91 6666995478|feugiat@auctorullamcorper.co.uk|Athens|2937 Lacinia. St.
Amaya|Terry|+91 6821189311|fringilla.est@Maurismagna.co.uk|Ilhéus|P.O. Box 531, 7780 Tincidunt Av.
Fay|Stark|+91 9751292292|ac.mi@Phasellus.net|Midnapore|532-5719 Ut Street
Bevis|Harris|+91 8631815372|massa.rutrum.magna@tempor.net|S�lange|804-9460 Nam Street
Lilah|Norris|+91 4484138396|enim.sit.amet@Nullamscelerisque.ca|Airdrie|739-1310 Nec Rd.
Blossom|Petty|+91 3260146294|quam.vel@Fusce.co.uk|Vishakhapatnam|Ap #170-7742 Ac Av.
Avram|Terry|+91 7641563828|nibh.sit.amet@etmalesuada.com|Melton|P.O. Box 671, 9280 Purus Rd.
Hyacinth|Bowers|+91 3840252559|erat.Vivamus@egestas.co.uk|Erli|P.O. Box 850, 2724 Ornare, St.
Gannon|Larsen|+91 7223099905|eget.mollis.lectus@nunc.com|Libramont-Chevigny|Ap #728-8602 Aenean Rd.
Nathan|David|+91 4676378545|mi.lorem@enimmi.com|Clermont-Ferrand|Ap #102-4877 Eleifend Street
Alma|Sherman|+91 3292998486|leo.Cras@elitsedconsequat.ca|Teltow|Ap #921-2848 Consequat Rd.
Kaseem|Dodson|+91 8861909431|eget.laoreet@orciluctus.co.uk|Camrose|P.O. Box 385, 5542 Tempus St.
Adrienne|Guerrero|+91 8560070948|Cras.eget.nisi@felisegetvarius.ca|Gloucester|994-2185 Ultrices Av.
Melyssa|Haynes|+91 9431228515|cursus@temporest.ca|Le Mans|Ap #480-2692 Vulputate, Ave
Burton|Mcdaniel|+91 8439620154|augue.scelerisque.mollis@NulladignissimMaecenas.org|Perchtoldsdorf|Ap #810-2041 Dolor. St.
Alea|York|+91 9407031021|mauris@eumetusIn.org|Baltasound|6777 Velit. Ave
Kyle|Sloan|+91 2663180294|congue.elit@aliquamiaculislacus.edu|Havr�|P.O. Box 921, 920 Donec Rd.
Buckminster|Scott|+91 5454968169|vehicula@eleifend.com|Kirriemuir|274-440 Congue Road
Althea|Crawford|+91 0800288665|egestas.Aliquam.fringilla@accumsan.com|Itabuna|6766 Suspendisse Street
Garth|Stafford|+91 6807576436|malesuada@non.com|Bloxham|4065 Sem. Rd.
Olivia|Rosa|+91 7818593058|auctor.velit@dis.co.uk|Verrayes|3690 Odio. Road
Sade|Dunlap|+91 3412692774|molestie.orci@arcu.com|Dietzenbach|225-3230 A Rd.
Uta|Hammond|+91 3414260615|adipiscing@scelerisquescelerisquedui.edu|Peine|P.O. Box 404, 7240 Hendrerit Rd.
Dorian|Walsh|+91 8189098272|nisi@atnisiCum.edu|Pali|6200 Nam Rd.
Teegan|Ayala|+91 3158420948|vestibulum.massa@auctornunc.com|Marbais|Ap #738-6513 Integer St.
Giselle|Jenkins|+91 8094923615|pretium.et@vulputatenisisem.com|Verrayes|1850 Nulla St.
Veronica|Zamora|+91 1309241673|in.magna@Integer.net|Millet|9249 Eu Rd.
Charde|Grimes|+91 2309152121|porttitor@nisl.net|Guarulhos|P.O. Box 985, 2575 Sodales Street
Pandora|Lynn|+91 2503764089|dignissim@massaMauris.net|Seattle|Ap #943-4041 Integer St.
Elaine|Silva|+91 3045476096|libero.Integer@Vivamus.net|Holyhead|Ap #950-4274 Sollicitudin St.
Jelani|Hall|+91 7812654453|netus.et.malesuada@non.org|Sant'Angelo in Pontano|837-8388 Ridiculus St.
Ivan|Oneal|+91 3465204412|arcu.Nunc.mauris@nec.ca|Opglabbeek|P.O. Box 804, 9100 Nunc Av.
Xerxes|Hess|+91 3249682145|vitae@Suspendisse.co.uk|Dro|P.O. Box 481, 2398 Vel Av.
Stephanie|Chan|+91 9601802140|ornare.In@nonummyutmolestie.org|Amritsar|711-2210 A Rd.
Lisandra|Ramos|+91 5127362211|elit.Etiam@lectusquismassa.org|Port Alice|Ap #704-2623 Feugiat Rd.
Jamal|Craig|+91 9298380577|Vestibulum.accumsan@tristiquesenectuset.com|Landau|7124 Duis Rd.
Zachary|Townsend|+91 9417857357|eu.metus@venenatisamagna.edu|Barrackpur|556-6384 Et Rd.
Ivory|Gilbert|+91 2331709360|rutrum.justo@adipiscingfringillaporttitor.com|Montpellier|Ap #969-5676 Pharetra Rd.
Aiko|Perkins|+91 7223480103|at.lacus@gravidaPraesent.edu|Cantalupo in Sabina|981-4528 Dui. Road
Raven|Duran|+91 4386525595|sem.consequat@arcu.com|Ferness|P.O. Box 564, 1724 Proin Rd.
Summer|Cleveland|+91 4946438489|quis.arcu@aliquet.edu|Attert|496-5792 Nunc St.
Price|Diaz|+91 4504947871|nec.metus.facilisis@nequeInornare.ca|Grosseto|Ap #300-7642 Bibendum Avenue
Grady|Paul|+91 8240145521|rhoncus@elit.ca|Telfs|P.O. Box 340, 9908 Dui St.
Lani|Franks|+91 6364267155|condimentum.Donec.at@tacitisociosqu.edu|Centa San Nicolò|P.O. Box 868, 6685 Ut, Ave
Freya|Pickett|+91 8030935067|lobortis.augue@Namacnulla.edu|Geraldton-Greenough|183 Nibh Avenue
Kristen|Cline|+91 8740775465|lobortis.risus@eu.ca|Visso|7402 Adipiscing Ave
Dennis|Russell|+91 8850438966|ipsum.primis@euismodet.co.uk|Mérignac|Ap #167-7611 Posuere Street
Neville|Welch|+91 5630514293|aliquet.Proin@a.co.uk|Gaithersburg|P.O. Box 160, 5565 Elit, Street
Eliana|Jennings|+91 6276083711|Maecenas@liberoMorbi.org|Ancaster Town|P.O. Box 192, 331 Sit Rd.
Driscoll|Gibson|+91 7455780984|Integer.urna@aliquetProin.com|San Rafael|3649 Blandit St.
Seth|Hayes|+91 6345981510|Quisque@dictum.org|Avignon|674-2194 Sapien. Road
Shana|Hoffman|+91 9888338034|sit.amet.dapibus@nisi.co.uk|Santa Coloma de Gramenet|P.O. Box 466, 5844 Sed Street
Hedley|Frost|+91 2475725983|amet.diam.eu@ornare.com|Coatbridge|736-7797 Purus Rd.
Mariam|Dickerson|+91 8371979899|Nam.interdum.enim@Fuscefeugiat.org|Avigliano Umbro|P.O. Box 343, 1710 Morbi Street
Adria|Watkins|+91 8884411633|sem@vitaemauris.com|Blumenau|1668 Nibh Av.
Ahmed|Pierce|+91 1468403129|molestie.sodales@luctus.net|Wilmington|7782 Felis. St.
Zane|Santos|+91 3056683675|facilisis.vitae@ac.net|Develi|Ap #365-6358 Nec Rd.
Reed|Reyes|+91 2655138760|tellus.non@Maurisvelturpis.co.uk|Horsham|8969 Facilisis. Avenue
Geoffrey|Garner|+91 8560037367|Integer.urna@venenatislacus.co.uk|Tiruvottiyur|P.O. Box 910, 6664 Diam Rd.
Wylie|Cruz|+91 0294532943|erat.eget@risus.net|Caerphilly|P.O. Box 986, 4494 Et, Av.
Harriet|Perry|+91 7300121183|Vestibulum@egetvarius.org|Gravilias|833-9547 Lectus Street
Martina|Horn|+91 1223888266|ipsum.primis.in@sed.net|Sterling Heights|Ap #409-9343 Sed Av.
Molly|Evans|+91 8242851498|penatibus@risus.org|Jefferson City|118-6232 Non Avenue
Zachery|Watson|+91 7272829610|lorem.ut@magnis.net|Camporotondo di Fiastrone|P.O. Box 404, 4920 Orci. Av.
Malachi|Rocha|+91 9322905277|Lorem@dignissimmagna.edu|Raichur|852-3926 Parturient Av.
Karina|Chang|+91 2834667327|vel.quam.dignissim@musProin.org|Perchtoldsdorf|P.O. Box 639, 9790 Nullam Street
Brenna|Barnes|+91 8579632344|sollicitudin.commodo@ut.ca|Hertford|Ap #498-3108 Arcu. Rd.
Kieran|Miller|+91 5985112925|ac@semperNam.com|Daman|4465 Sed Rd.
Brielle|Hunter|+91 7096522446|per@velitinaliquet.co.uk|Lillois-Witterz�e|3081 Natoque Avenue
Kellie|Mccoy|+91 4987854991|justo@Vivamusnibhdolor.co.uk|Yellowknife|4345 Enim Rd.
Blossom|Walters|+91 7796462712|sem.magna.nec@sapien.edu|Vieuxville|9341 Dolor. St.